[2018-11-01],全省博物馆纪念馆公共文化服务高级研修班在合肥举办,/zwgk/bmdt/stgz/56716.shtml
[2018-11-01],文化创意助力乡村振兴,/zwgk/bmdt/stgz/56709.shtml
[2018-11-01],竹编展台面前说扶贫,/zwgk/bmdt/stgz/56705.shtml
[2018-10-31],2018CEST中国电子竞技娱乐大赛华中大区总决赛在安徽开赛,/zwgk/bmdt/stgz/56688.shtml
[2018-10-31],2018CEST中国电子竞技娱乐大赛华中大区总决赛在安徽开赛,/zwgk/bmdt/stgz/56687.shtml
[2018-10-31],安博志愿者“服务基层行”走进桐城实验中学,/zwgk/bmdt/stgz/56689.shtml
[2018-10-31],宣城市文广新局：实施“五个发展”战略培育文化产业,/zwgk/bmdt/sxgz/56675.shtml
[2018-10-31],安庆市文化馆加入长三角文化馆联盟,/zwgk/bmdt/sxgz/56673.shtml
[2018-10-31],安徽缘酒文化博物馆（2018）秋季书画收藏展在安徽画廊成功举办,/zwgk/bmdt/stgz/56679.shtml
[2018-10-31],安庆市加速融入长三角地区公共文化一体化发展,/zwgk/bmdt/sxgz/56671.shtml
[2018-10-31],铜陵市参加长三角地区国家公共文化服务体系示范区（项目）合作机制启动大会  下届将在铜陵举办,/zwgk/bmdt/sxgz/56668.shtml
[2018-10-31],合肥市图书馆加入中国――中东欧国家图书馆联盟,/zwgk/bmdt/sxgz/56666.shtml
[2018-10-31],金寨县扎根基层群众激活乡村文化新动能,/zwgk/bmdt/sxgz/56664.shtml
[2018-10-31],铜陵市文旅委举办全市文化市场禁毒和扫黑除恶工作培训会,/zwgk/bmdt/sxgz/56662.shtml
[2018-10-31],淮南市田家庵区积极开展文化志愿服务,/zwgk/bmdt/sxgz/56660.shtml
[2018-10-31],淮南市文广新局部署城市社区综合文化服务中心建设工作,/zwgk/bmdt/sxgz/56658.shtml
[2018-10-31],六安市康宁竹编精彩亮相北京文博会,/zwgk/bmdt/sxgz/56655.shtml
[2018-10-31],六安市文化民生工程成效显著,/zwgk/bmdt/sxgz/56653.shtml
[2018-10-31],池州市贵池区梅街傩文化传习所成立,/zwgk/bmdt/sxgz/56651.shtml
[2018-10-31],淮北市民乐团在国家级比赛中荣获金奖,/zwgk/bmdt/sxgz/56649.shtml
[2018-10-31],马鞍山持续30年打造诗歌文化品牌提升城市文化美誉度,/zwgk/bmdt/sxgz/56647.shtml
[2018-10-31],“中华颂”第九届全国小戏小品曲艺大展将在合肥市长丰县举办,/zwgk/bmdt/sxgz/56645.shtml
[2018-10-31],宿松：举办庆祝改革开放40周年文艺展演,/zwgk/bmdt/sxgz/56643.shtml
[2018-10-31],“心连心・共奋进”舒城宣州两地携手开展扶贫慰问演出,/zwgk/bmdt/sxgz/56641.shtml
[2018-10-30],全椒文化馆“戏曲进校园”活动走进二郎口中小学,/zwgk/bmdt/sxgz/56636.shtml
[2018-10-30],安徽省文化厅关于开展2018年度全省文化市场行政处罚和行政许可案卷评查工作的通知,/zwgk/bmdt/stgz/56604.shtml
[2018-10-26],安徽省书画院敦煌写生活动圆满结束,/zwgk/bmdt/stgz/56587.shtml
[2018-10-24],瑞典西哥特兰省代表团一行参观安徽博物院,/zwgk/bmdt/stgz/56568.shtml
[2018-10-24],“伟大进程――纪念改革开放四十周年图文展”在安徽省图书馆展出,/zwgk/bmdt/stgz/56567.shtml
[2018-10-24],2018年安徽省“阳光工程”“圆梦工程”文化志愿者培训成功举办,/zwgk/bmdt/stgz/56559.shtml
[2018-10-23],国庆期间安徽省书画院赴四川书画交流展在成都举办,/zwgk/bmdt/stgz/56528.shtml
[2018-10-23],“最美文房――安徽博物院典藏文房四宝特展”在台湾佛光山佛陀纪念馆隆重开幕  ,/zwgk/bmdt/stgz/56525.shtml
[2018-10-23],“安徽省教科文卫体工会---纪念改革开放40周年书画展”在安徽画廊成功举行,/zwgk/bmdt/stgz/56524.shtml
[2018-10-23],淮北市召开全市乡镇（街道）综合文化站专项治理工作会议,/zwgk/bmdt/sxgz/56520.shtml
[2018-10-23],故宫学院（徽州）举办《清代宫廷文房用具与地方贡品》讲座,/zwgk/bmdt/sxgz/56518.shtml
[2018-10-23],滁州市文广新局三举措加强基层综合文化服务中心建设,/zwgk/bmdt/sxgz/56516.shtml
[2018-10-23],舒城县举办文翁纪念馆开馆仪式暨首届文翁文化乡村旅游论坛,/zwgk/bmdt/sxgz/56514.shtml
[2018-10-23],两个文化项目落户石台县,/zwgk/bmdt/sxgz/56512.shtml
[2018-10-23],迎“重阳”上海六安文艺交流演出进社区,/zwgk/bmdt/sxgz/56510.shtml
[2018-10-23],舒城县晓天镇打造山区别致文化风景线,/zwgk/bmdt/sxgz/56508.shtml
[2018-10-23],宣城市提升公共文化服务办法实,/zwgk/bmdt/sxgz/56506.shtml
[2018-10-23],亳州市召开乡镇综合文化站专项治理工作推进会,/zwgk/bmdt/sxgz/56504.shtml
[2018-10-23],池州《千年傩》在安徽大剧院精彩亮相,/zwgk/bmdt/sxgz/56502.shtml
[2018-10-23],当涂第五届姑孰文化艺术节打造城市文化名片,/zwgk/bmdt/sxgz/56500.shtml
[2018-10-23],黄山市书画院开展送文化下乡活动,/zwgk/bmdt/sxgz/56498.shtml
[2018-10-23],中国水利博物馆赴中国徽州文化博物馆考察学习,/zwgk/bmdt/sxgz/56496.shtml
[2018-10-23],歙县举办“人口关爱――情暖夕阳红”重阳节文艺活动,/zwgk/bmdt/sxgz/56494.shtml
[2018-10-23],黄山市黄山区文广新局压实四季度文化工作冲刺年目标,/zwgk/bmdt/sxgz/56492.shtml
[2018-10-23],池州市文广新局开展“九九重阳节，浓浓敬老情”系列活动,/zwgk/bmdt/sxgz/56490.shtml
[2018-10-22],安徽省书画院范春晓作品入选《中华家园》美术创作项目,/zwgk/bmdt/stgz/56481.shtml
[2018-10-22],宣城市宣州区扎实开展非遗课程进乡村学校少年宫活动,/zwgk/bmdt/sxgz/56480.shtml
[2018-10-22],2018・ABDA第二届国际标准舞艺术表演舞比赛暨教学成果展成功举办,/zwgk/bmdt/stgz/56478.shtml
[2018-10-22],省文化厅召开政务公开和政务服务推进会,/zwgk/bmdt/stgz/56717.shtml
[2018-10-19],安徽省公共图书馆联盟“公共图书馆转型发展高级研修班”在省图开班,/zwgk/bmdt/stgz/56456.shtml
[2018-10-19],砥砺奋进 再创辉煌――庆祝改革开放四十周年安徽省直机关老同志书画展开幕,/zwgk/bmdt/stgz/56455.shtml
[2018-10-19],弘文博物基层行――安博志愿者团队赴铜陵市开展志愿服务活动,/zwgk/bmdt/stgz/56454.shtml
[2018-10-18],省文化厅离退休老同志欢度重阳节,/zwgk/bmdt/stgz/56445.shtml
[2018-10-18],省文化厅离退休老同志欢度重阳节,/zwgk/bmdt/stgz/56444.shtml
[2018-10-18],省文化厅离退休老同志欢度重阳节,/zwgk/bmdt/stgz/56443.shtml
[2018-10-18],“坚定文化自信 传承工匠精神”――北京燕京八绝宫廷艺术精品特展走进安徽活动在安徽博物院正式启动,/zwgk/bmdt/stgz/56428.shtml
[2018-10-17],黟县 “三个方面”加强文物保护推进名城创建,/zwgk/bmdt/sxgz/56424.shtml
[2018-10-17],黄山市文化委五措并举推进全民阅读,/zwgk/bmdt/sxgz/56422.shtml
[2018-10-17],黄山市祁门县召开乡镇综合文化站专项治理工作会议,/zwgk/bmdt/sxgz/56420.shtml
[2018-10-17],大观区文化馆免费开放工作经验在全国文化馆年会上交流,/zwgk/bmdt/sxgz/56418.shtml
[2018-10-17],合肥市长丰县启动“送戏进万村”扶贫村专场巡演活动,/zwgk/bmdt/sxgz/56416.shtml
[2018-10-17],合肥市加快建设全国领先公共文化服务“高地”,/zwgk/bmdt/sxgz/56414.shtml
[2018-10-17],淮北市参加2018年世界运河城市论坛,/zwgk/bmdt/sxgz/56412.shtml
[2018-10-17],池州市举办安徽省首个马拉松博览会非遗展演,/zwgk/bmdt/sxgz/56410.shtml
[2018-10-17],宿松：开展文化市场专项检查,/zwgk/bmdt/sxgz/56408.shtml
[2018-10-17],黄梅戏《一个都不能少》入选国家文化和旅游部全国优秀现实题材舞台艺术作品展演,/zwgk/bmdt/sxgz/56406.shtml
[2018-10-17],滁州市开展非遗保护执法检查,/zwgk/bmdt/sxgz/56404.shtml
[2018-10-17],池州市举办文化市场综合执法业务培训班,/zwgk/bmdt/sxgz/56402.shtml
[2018-10-17],清韵凝香一一薛安吉书画展在黄山市美术馆展出,/zwgk/bmdt/sxgz/56400.shtml
[2018-10-16],宿松县开展国家级非遗文南词展演活动,/zwgk/bmdt/sxgz/56394.shtml
[2018-10-15],安徽省非遗保护中心赴宣城市开展国家级传承人抢救性记录前采工作,/zwgk/bmdt/sxgz/56386.shtml
[2018-10-15],中国非遗保护中心赴泾县调研宣纸制作技艺保护工作实施情况,/zwgk/bmdt/sxgz/56385.shtml
[2018-10-15],省文化厅副厅长何长风一行到痘姆古陶调研非遗保护传承工作,/zwgk/bmdt/sxgz/56380.shtml
[2018-10-15],淮北市召开网吧娱乐场所创建工作动员会,/zwgk/bmdt/sxgz/56378.shtml
[2018-10-15],滁州市举办文化市场综合执法以案施训研讨交流会,/zwgk/bmdt/sxgz/56376.shtml
[2018-10-15],霍山县“四注重”抓实中秋、国庆节期间安全生产,/zwgk/bmdt/sxgz/56374.shtml
[2018-10-15],合肥市广场舞精彩亮相全国广场舞安徽省集中展演活动,/zwgk/bmdt/sxgz/56372.shtml
[2018-10-15],宣城市传承地方戏曲助力乡村文化振兴,/zwgk/bmdt/sxgz/56370.shtml
[2018-10-15],宣城市文广新局对标先进理念掀起学习热潮,/zwgk/bmdt/sxgz/56368.shtml
[2018-10-15],文化扶贫结硕果，农民上台唱主角――东至朱村村成功举办农民文艺演出,/zwgk/bmdt/sxgz/56366.shtml
[2018-10-15],繁昌县加强督查切实发挥乡镇综合文化站惠民实效,/zwgk/bmdt/sxgz/56364.shtml
[2018-10-15],宿松：戏曲活化石“文南词” 走进校园,/zwgk/bmdt/sxgz/56362.shtml
[2018-10-15],阜阳召开全市文物建筑与博物馆消防安全专项整治部署暨约谈电视电话会议,/zwgk/bmdt/sxgz/56360.shtml
[2018-10-15],淮南市网络“微舞”点燃假日激情,/zwgk/bmdt/sxgz/56358.shtml
[2018-10-12],第二十七届”东丽杯”全国孙犁散文评选揭晓――安徽省文化馆选送的参评作品喜获大奖,/zwgk/bmdt/stgz/56348.shtml
[2018-10-12],长三角图情服务高质量发展战略合作联席会议在沪举行,/zwgk/bmdt/stgz/56346.shtml
[2018-10-12],“文苑撷珍――安徽省文物总店典藏文物展”在芜湖博物馆展出,/zwgk/bmdt/stgz/56345.shtml
[2018-10-12],迈进新时代 幸福舞起来――全国广场舞安徽省集中展演活动在合肥成功举办,/zwgk/bmdt/stgz/56344.shtml
[2018-10-12],国家艺术基金“地方戏青年评论人才培养”班举行“地方戏青年论坛”,/zwgk/bmdt/stgz/56343.shtml
[2018-10-11],著名考古学家徐光冀先生来皖指导凤阳明中都考古工作,/zwgk/bmdt/stgz/56337.shtml
[2018-10-11],省文物局、省引江济淮集团公司对引江济淮工程文物保护工作开展联合调研,/zwgk/bmdt/stgz/56336.shtml
[2018-10-09],走进太平――安徽省群文系统深入生活美术摄影巡回展首展在安徽画廊开幕,/zwgk/bmdt/stgz/56320.shtml
[2018-10-09],2018年黄山职业技术学院“绿茶制作技艺”培训班圆满结业,/zwgk/bmdt/stgz/56318.shtml
[2018-10-09],鉴宝江淮行走进革命老区岳西,/zwgk/bmdt/stgz/56317.shtml
[2018-10-09],桐城文化委：国庆期间  群众文化活动精彩纷呈,/zwgk/bmdt/sxgz/56315.shtml
[2018-10-09],宿松县博物馆国庆“不放假”,/zwgk/bmdt/sxgz/56313.shtml
[2018-10-09],黟县遗产办“四措并举”积极做好“十一”黄金周旅游工作,/zwgk/bmdt/sxgz/56311.shtml
[2018-10-09],书香浸润志愿精神,/zwgk/bmdt/sxgz/56309.shtml
[2018-10-09],黄山市文化委选送剧目在皖江八市群艺大赛斩获金银奖,/zwgk/bmdt/sxgz/56307.shtml
[2018-10-09],宣城市举办2018年少儿戏曲汇演,/zwgk/bmdt/sxgz/56305.shtml
[2018-10-09],南陵县博物馆国庆期间游客参观人数创新高,/zwgk/bmdt/sxgz/56302.shtml
[2018-10-09],阜阳市网吧市场、歌舞娱乐场所专项整治工作启动,/zwgk/bmdt/sxgz/56299.shtml
[2018-10-09],舒城县图书馆搬迁新馆 国庆假期开放助推阅读热,/zwgk/bmdt/sxgz/56297.shtml
[2018-10-09],金寨县举办第二届“全民阅读”暨“纪念改革开放40周年”诗歌朗诵会,/zwgk/bmdt/sxgz/56295.shtml
[2018-10-09],定远县黄梅戏《珍珠塔・跌雪》获第十一届皖江八市群艺大赛金奖,/zwgk/bmdt/sxgz/56293.shtml
[2018-10-09],宿松用文化滋养“脱贫路”,/zwgk/bmdt/sxgz/56291.shtml
[2018-10-09],霍邱县童谣作品《小蜗牛》获评全国优秀童谣一等奖,/zwgk/bmdt/sxgz/56289.shtml
[2018-10-09],东至县文广新局组织开展“迎国庆”文化市场安全生产大排查大整治行动,/zwgk/bmdt/sxgz/56287.shtml
[2018-10-09],池州市召开“安徽文化云”公共文化服务管理平台建设推进会,/zwgk/bmdt/sxgz/56285.shtml
[2018-10-09],宣城市开展节前文化市场安全生产大检查,/zwgk/bmdt/sxgz/56283.shtml
[2018-10-09],金寨县结合全民阅读活动打造诗香老区,/zwgk/bmdt/sxgz/56281.shtml
[2018-10-09],池州市博物馆举办民间文房器物展,/zwgk/bmdt/sxgz/56279.shtml
[2018-10-09],黄山市“好医生”颁奖暨首届“中国医师节”文艺汇演在徽州大剧院圆满落幕,/zwgk/bmdt/sxgz/56277.shtml
[2018-10-09],黄山市图书馆金太阳分馆正式开馆,/zwgk/bmdt/sxgz/56275.shtml
[2018-10-09],宣城举办第二届青年书法展纪念改革开放40周年,/zwgk/bmdt/sxgz/56273.shtml
[2018-10-09],铜陵・蚌埠书画院学术交流展在铜陵开展,/zwgk/bmdt/sxgz/56271.shtml
[2018-10-09],中国徽州文化博物馆携手黄山市消防支队开展实战消防演练,/zwgk/bmdt/sxgz/56269.shtml
[2018-10-09],郭因文墨馆开馆在绩溪博物馆开馆,/zwgk/bmdt/stgz/56264.shtml
[2018-10-08],省文化厅 2018年“敬老月”活动方案,/zwgk/bmdt/stgz/56253.shtml
[2018-09-30],首届中国（石牌）戏曲论坛在安庆市举行,/zwgk/bmdt/stgz/56243.shtml
[2018-09-30],第七届中国农民歌会圆满落下帷幕,/zwgk/bmdt/sxgz/56191.shtml
[2018-09-30],第八届中国（安庆）黄梅戏艺术节隆重开幕,/zwgk/bmdt/sxgz/56188.shtml
[2018-09-30],池州市在省第十一届皖江八市群艺（小戏）大赛中斩获金银奖,/zwgk/bmdt/sxgz/56186.shtml
[2018-09-30],六安市举办“我们的节日・礼遇身边好人”广场舞大赛总决赛,/zwgk/bmdt/sxgz/56184.shtml
[2018-09-30],池州市图书馆举办“翰墨共筑梦”――上海闵行・安徽池州书画精品联展,/zwgk/bmdt/sxgz/56182.shtml
[2018-09-30],淮南市凤台县文广体局三举措丰富基层群众文化生活,/zwgk/bmdt/sxgz/56180.shtml
[2018-09-30],蚌埠市举办2018年度全市文化馆（站）长、图书馆馆长培训暨文化系列专业技术人员继续教育工作,/zwgk/bmdt/sxgz/56178.shtml
[2018-09-30],合肥市在全省率先出台营业性演出管理办法,/zwgk/bmdt/sxgz/56176.shtml
[2018-09-30],马鞍山花山区公共文化服务体系建设新时代结新果,/zwgk/bmdt/sxgz/56174.shtml
[2018-09-30],大型舞台剧《千年傩》在池州公演,/zwgk/bmdt/sxgz/56172.shtml
[2018-09-30],宿州市加强基层公共文化服务基础设施建设强力助推脱贫攻坚,/zwgk/bmdt/sxgz/56170.shtml
[2018-09-30],六安开展三项行动维护文化市场稳定有序,/zwgk/bmdt/sxgz/56168.shtml
[2018-09-30],石台县举办第五届好声音“石台民歌”决赛,/zwgk/bmdt/sxgz/56166.shtml
[2018-09-30],广德以“双新传统驱动”助推乡村文化振兴,/zwgk/bmdt/sxgz/56164.shtml
[2018-09-30],宿松开展国家级非遗“文南词”演出进校园活动,/zwgk/bmdt/sxgz/56162.shtml
[2018-09-30],金寨“五播种五收获”庆祝首届中国农民丰收节,/zwgk/bmdt/sxgz/56160.shtml
[2018-09-30],淮南市局进一步打好地方特色文化牌  推进淮河文化建设,/zwgk/bmdt/sxgz/56158.shtml
[2018-09-30],当涂黄梅戏《燕子归时》唱响中国黄梅戏艺术节,/zwgk/bmdt/sxgz/56155.shtml
[2018-09-30],宣城市多举措建设网络思想文化舆论阵地,/zwgk/bmdt/sxgz/56153.shtml
[2018-09-30],滁州市积极开展庆祝改革开放40周年系列文化活动,/zwgk/bmdt/sxgz/56151.shtml
[2018-09-30],金寨县“塑型铸魂”丰富乡村文化振兴内涵,/zwgk/bmdt/sxgz/56148.shtml
[2018-09-30],六安市举办迎中秋大型民族管弦乐套曲《中国节气》音乐会,/zwgk/bmdt/sxgz/56146.shtml
[2018-09-30],东至县广泛开展节庆期间文艺活动,/zwgk/bmdt/sxgz/56144.shtml
[2018-09-30],池州市首届文化遗产守望者终审会召开,/zwgk/bmdt/sxgz/56141.shtml
[2018-09-30],池州市举办“迎中秋 庆国庆”第六届秀山大舞台文艺演出,/zwgk/bmdt/sxgz/56138.shtml
[2018-09-30],石台县文广新局四举措打好文化精准扶贫关键战,/zwgk/bmdt/sxgz/56136.shtml
[2018-09-30],马鞍山市“两节”期间文化旅游活动丰富多彩,/zwgk/bmdt/sxgz/56133.shtml
[2018-09-30],马鞍山市举行文旅融合发展专题报告会,/zwgk/bmdt/sxgz/56131.shtml
[2018-09-30],合肥市召开现代庐剧《红颜》剧本创作研讨会,/zwgk/bmdt/sxgz/56129.shtml
[2018-09-30],蚌埠市开展公共娱乐场所消防安全专项检查,/zwgk/bmdt/sxgz/56127.shtml
[2018-09-30],淮南市文广新局四措并举推进农村文化建设,/zwgk/bmdt/sxgz/56125.shtml
[2018-09-30],亳州加快构建现代公共文化服务体系,/zwgk/bmdt/sxgz/56123.shtml
[2018-09-30],徽州区开展第一轮文物消防安全大检查,/zwgk/bmdt/sxgz/56121.shtml
[2018-09-30],歙县开展校园周边文化市场集中整治行动,/zwgk/bmdt/sxgz/56118.shtml
[2018-09-30],池州群众文化结对辅导项目获赴京接受终极大考,/zwgk/bmdt/sxgz/56116.shtml
[2018-09-30],安徽省在“华东六省一市”戏剧小品大赛上斩获一金三银,/zwgk/bmdt/stgz/56119.shtml
[2018-09-30],淮北市部署开展文物建筑、博物馆消防安全专项整治工作,/zwgk/bmdt/sxgz/56113.shtml
[2018-09-30],亳州市文化市场综合执法大队开展秋季新学期校园周边文化市场专项检查,/zwgk/bmdt/sxgz/56111.shtml
[2018-09-30],鉴宝江淮行走进革命老区岳西,/zwgk/bmdt/stgz/56114.shtml
[2018-09-30],淮北市图书馆举办“科学人生・百年”院士风采展,/zwgk/bmdt/sxgz/56109.shtml
[2018-09-30],蚌埠“绿皮火车”驶进西安,/zwgk/bmdt/sxgz/56107.shtml
[2018-09-30],马鞍山市博物馆晋级国家二级博物馆,/zwgk/bmdt/sxgz/56105.shtml
[2018-09-30],淮南市“四位一体”打造法治文化地域品牌,/zwgk/bmdt/sxgz/56103.shtml
[2018-09-30],池州市文广新局组织开展中秋国庆期间文化市场专项检查行动,/zwgk/bmdt/sxgz/56101.shtml
[2018-09-30],淮南市举办“中国成语典故之城”授牌仪式,/zwgk/bmdt/sxgz/56099.shtml
[2018-09-30],寿春城遗址西圈墓地（遗址）考古发掘学术研讨会顺利召开,/zwgk/bmdt/stgz/56097.shtml
[2018-09-30],安徽博物院与安庆师大人文与社会学院共建实践教学基地,/zwgk/bmdt/stgz/56096.shtml
[2018-09-27],阜阳剪纸国家级传承人程兴红作品全国剪纸邀请赛中荣获金奖,/zwgk/bmdt/sxgz/56046.shtml
[2018-09-27],关于印发《第五届安徽省动漫大赛暨首届乡村文创大赛方案》的通知,/zwgk/bmdt/stgz/56023.shtml
[2018-09-27],安徽省文化厅关于征集第十三届北京文博会参展项目的通知,/zwgk/bmdt/stgz/56019.shtml
[2018-09-27],宿松县国家级非遗文南词开展进校园活动,/zwgk/bmdt/sxgz/56007.shtml
[2018-09-26],安徽博物院“互联网+‘红色记忆’”教育项目入选国家文物局“互联网+中华文明”示范项目库,/zwgk/bmdt/stgz/55990.shtml
[2018-09-26],国家图书馆工作组莅临安徽省开展推广工程建设协调推进工作,/zwgk/bmdt/stgz/55989.shtml
[2018-09-25],“化境长风?沈长武中国画作品展”在安徽画廊开展,/zwgk/bmdt/stgz/55972.shtml
[2018-09-25],“2018长三角地区阅读马拉松大赛”成功举办,/zwgk/bmdt/stgz/55970.shtml
[2018-09-25],考古数字化记录系统支持下的肥东刘小郢遗址发掘,/zwgk/bmdt/stgz/55969.shtml
[2018-09-25],安徽博物院举办纪念毛泽东同志视察安徽省博物馆60周年主题活动,/zwgk/bmdt/stgz/55967.shtml
[2018-09-21],宣城非遗亮相第五届中国非物质文化遗产博览会,/zwgk/bmdt/sxgz/55953.shtml
[2018-09-20],巢湖市深入推进公共文化场馆免费开放工作,/zwgk/bmdt/sxgz/55941.shtml
[2018-09-20],宣城市文化活动群众“点单”效果好,/zwgk/bmdt/sxgz/55939.shtml
[2018-09-20],铜陵市义安区文旅委开展文化旅游行业消防安全培训暨应急演练活动,/zwgk/bmdt/sxgz/55936.shtml
[2018-09-20],铜陵市文旅委召开2018年度文化市场审批暨政务服务培训会,/zwgk/bmdt/sxgz/55934.shtml
[2018-09-20],黄山区开展中秋、国庆“两节”前文化市场专项整治行动,/zwgk/bmdt/sxgz/55932.shtml
[2018-09-20],合肥市多措并举推动文化产业创新发展,/zwgk/bmdt/sxgz/55930.shtml
[2018-09-20],亳州市文创产品“亳拼图”荣获“2018中国特色旅游商品大赛全国银奖”,/zwgk/bmdt/sxgz/55928.shtml
[2018-09-20],“回家――沉浮画展”在亳州市博物馆隆重开幕,/zwgk/bmdt/sxgz/55926.shtml
[2018-09-20],合肥市渡江战役纪念馆等九家文化场馆被命名为“安徽省第五届爱国主义教育示范基地”,/zwgk/bmdt/sxgz/55924.shtml
[2018-09-20],滁州市文广新局多措并举助力农歌会提升群众文化幸福感,/zwgk/bmdt/sxgz/55922.shtml
[2018-09-20],池州市文广新局五项举措扎实推进文化人才队伍建设,/zwgk/bmdt/sxgz/55920.shtml
[2018-09-20],池州市文广新局推进“放管服”改革成效初显,/zwgk/bmdt/sxgz/55918.shtml
[2018-09-18],阜阳市非遗项目亮相第五届中国非遗博览会,/zwgk/bmdt/sxgz/55894.shtml
[2018-09-18],我省多个项目精彩亮相第五届中国非遗博览会,/zwgk/bmdt/stgz/55892.shtml
[2018-09-18],全椒县“戏曲进校园 国粹永传承”全面启动 ,/zwgk/bmdt/sxgz/55888.shtml
[2018-09-18],全省国家级非遗代表性项目记录成果梳理和遴选工作培训班成功举办,/zwgk/bmdt/stgz/55887.shtml
[2018-09-18],我省多个项目精彩亮相第五届中国非遗博览会,/zwgk/bmdt/stgz/55886.shtml
[2018-09-18],第一期安徽省古籍保护与修复技术培训初级班在安徽省图书馆开班,/zwgk/bmdt/stgz/55885.shtml
[2018-09-17],2018年全国少儿诗词在线诵读活动圆满结束,/zwgk/bmdt/stgz/55878.shtml
[2018-09-14],池州市文化馆创新服务方式推进艺术普及,/zwgk/bmdt/sxgz/55865.shtml
[2018-09-14],滁州市琅琊举办第十四届“北湖金秋”文化艺术节晚会,/zwgk/bmdt/sxgz/55863.shtml
[2018-09-14],滁州市文广新局加强文物保护利用激活城市文化底蕴,/zwgk/bmdt/sxgz/55861.shtml
[2018-09-14],2018年淮北市读书朗诵大赛圆满落幕,/zwgk/bmdt/sxgz/55859.shtml
[2018-09-14],中国作协庆祝改革开放40周年主题采风暨“全国知名作家看安徽”活动走进霍山,/zwgk/bmdt/sxgz/55857.shtml
[2018-09-14],六安市三举措提升专业技术人员继续教育培训水平,/zwgk/bmdt/sxgz/55855.shtml
[2018-09-14],东至县文广新局充分利用乡村文化阵地关爱留守儿童,/zwgk/bmdt/sxgz/55853.shtml
[2018-09-14],西藏雅砻文化节赴池州答谢演出上演,/zwgk/bmdt/sxgz/55851.shtml
[2018-09-14],纪念改革开放40周年暨池州复建30周年美术书法摄影作品展在池州市图书馆举行,/zwgk/bmdt/sxgz/55849.shtml
[2018-09-14],2018年池州市读书朗诵比赛总决赛圆满落幕,/zwgk/bmdt/sxgz/55847.shtml
[2018-09-14],池州民歌荣获“巴城杯”长三角民歌邀请赛最高奖,/zwgk/bmdt/sxgz/55845.shtml
[2018-09-14],用声音传递阅读的力量――长三角地区有声阅读联盟成立,/zwgk/bmdt/stgz/55842.shtml
[2018-09-13],安庆市举办《公共文化服务保障法》法制讲座,/zwgk/bmdt/sxgz/55841.shtml
[2018-09-13],望江县文化委强化“扫黄打非”确保意识形态安全,/zwgk/bmdt/sxgz/55839.shtml
[2018-09-13],宣城市文广新局加快融入长三角文化圈,/zwgk/bmdt/sxgz/55837.shtml
[2018-09-13],铜陵市大型商业综合体文化娱乐场所消防专项整治开展,/zwgk/bmdt/sxgz/55835.shtml
[2018-09-13],宿松：举办纪念改革开放四十周年摄影图片展,/zwgk/bmdt/sxgz/55833.shtml
[2018-09-13],安庆市多举措力推“安徽文化云”项目市县级文化场馆配置建设,/zwgk/bmdt/sxgz/55831.shtml
[2018-09-13],黄山市文化委领导带队夜查中心城区文化市场,/zwgk/bmdt/sxgz/55829.shtml
